{"chunk_definitions":[{"row":27,"row_count":1,"visible":true,"expansion_state":0,"options":{"engine":"r","label":"setup","include":false},"document_id":"E2612E69","chunk_id":"csetup_chunk","chunk_label":"setup"},{"row":36,"row_count":1,"visible":true,"expansion_state":0,"options":{"engine":"r","label":"paquetes y set-ups"},"document_id":"E2612E69","chunk_id":"caf4vyz12i6dl","chunk_label":"paquetes y set-ups"},{"row":64,"row_count":1,"visible":true,"expansion_state":0,"options":{"engine":"r","label":"general data"},"document_id":"E2612E69","chunk_id":"ceo8tvbfu1zd8","chunk_label":"general data"},{"row":102,"row_count":1,"visible":true,"expansion_state":0,"options":{"engine":"r","label":"token data"},"document_id":"E2612E69","chunk_id":"c6g8u9vws3z9f","chunk_label":"token data"},{"row":137,"row_count":1,"visible":true,"expansion_state":0,"options":{"engine":"r","label":"descriptivo muestra"},"document_id":"E2612E69","chunk_id":"cjzz7cahrufp1","chunk_label":"descriptivo muestra"},{"row":144,"row_count":1,"visible":true,"expansion_state":0,"options":{"engine":"r","label":"descriptivo tokens"},"document_id":"E2612E69","chunk_id":"czwdwszb6n5ex","chunk_label":"descriptivo tokens"},{"row":353,"row_count":1,"visible":true,"expansion_state":0,"options":{"engine":"r","label":"stm","message":false,"warning":false},"document_id":"E2612E69","chunk_id":"cef6k35umck00","chunk_label":"stm"},{"row":370,"row_count":1,"visible":true,"expansion_state":0,"options":{"engine":"r","label":"fig3","fig.cap":"**Figura 3**: Las diez temáticas con mayor prevalencia en la muestra. El eje de abscisas señala la proporción de cada tema en el conjunto del corpus. Incluye los principales términos que contribuyen a cada temática. *Fuente*: Elaboración propia."},"document_id":"E2612E69","chunk_id":"ckrci7u1kd9j7","chunk_label":"fig3"},{"row":388,"row_count":1,"visible":true,"expansion_state":0,"options":{"engine":"r","label":"fig4","fig.cap":"**Figura 4**: Nexos señalan una correlación mayor a 0.01. El tamaño del nodo refleja la proporción de temas a nivel de corpus. *Fuente*: Elaboración propia."},"document_id":"E2612E69","chunk_id":"cwpg07k7wfxfr","chunk_label":"fig4"},{"row":405,"row_count":1,"visible":true,"expansion_state":0,"options":{"engine":"r","label":"unnamed-chunk-21"},"document_id":"E2612E69","chunk_id":"cp9rm91gaiw48","chunk_label":"year"},{"row":418,"row_count":1,"visible":true,"expansion_state":0,"options":{"engine":"r","label":"cite"},"document_id":"E2612E69","chunk_id":"cdnol4byx6141","chunk_label":"cite"}],"doc_write_time":1639862739,"working_dir":null,"default_chunk_options":{"echo":true,"message":false,"warning":false},"chunk_rendered_width":700}