{"chunk_definitions":[{"row":9,"row_count":1,"visible":true,"expansion_state":0,"options":{"engine":"r","label":"setup","include":false},"document_id":"EE23B7FA","chunk_id":"csetup_chunk","chunk_label":"setup"},{"row":19,"row_count":1,"visible":true,"expansion_state":0,"options":{"engine":"r","label":"paquetes y set-ups"},"document_id":"EE23B7FA","chunk_id":"cidw57o0t49rm","chunk_label":"paquetes y set-ups"},{"row":47,"row_count":1,"visible":true,"expansion_state":0,"options":{"engine":"r","label":"datos"},"document_id":"EE23B7FA","chunk_id":"c4k1e595crr1a","chunk_label":"datos"}],"doc_write_time":1639809040,"working_dir":null,"default_chunk_options":{"echo":true},"chunk_rendered_width":558}