{"chunk_definitions":[{"row":9,"row_count":1,"visible":true,"expansion_state":0,"options":{"engine":"r","label":"setup","include":false},"document_id":"0203BCFD","chunk_id":"csetup_chunk","chunk_label":"setup"},{"row":19,"row_count":1,"visible":true,"expansion_state":0,"options":{"engine":"r","label":"paquetes y set-ups"},"document_id":"0203BCFD","chunk_id":"c0lpcs9cy88xr","chunk_label":"paquetes y set-ups"},{"row":31,"row_count":1,"visible":true,"expansion_state":0,"options":{"engine":"r","label":"token data"},"document_id":"0203BCFD","chunk_id":"c56ik7u2xtgtj","chunk_label":"token data"},{"row":42,"row_count":1,"visible":true,"expansion_state":1,"options":{"engine":"r","label":"modelos posibles","message":false,"warning":false},"document_id":"0203BCFD","chunk_id":"cp2ozc5dakpmd","chunk_label":"modelos posibles"},{"row":78,"row_count":1,"visible":true,"expansion_state":0,"options":{"engine":"r","label":"beta modelos"},"document_id":"0203BCFD","chunk_id":"cim7cgs7cpckw","chunk_label":"beta modelos"},{"row":96,"row_count":1,"visible":true,"expansion_state":0,"options":{"engine":"r","label":"unnamed-chunk-1"},"document_id":"0203BCFD","chunk_id":"csqdic3k0hdta","chunk_label":"unnamed-chunk-1"},{"row":116,"row_count":1,"visible":true,"expansion_state":0,"options":{"engine":"r","label":"unnamed-chunk-2"},"document_id":"0203BCFD","chunk_id":"cds677xayh7uw","chunk_label":"unnamed-chunk-2"},{"row":136,"row_count":1,"visible":true,"expansion_state":0,"options":{"engine":"r","label":"unnamed-chunk-3"},"document_id":"0203BCFD","chunk_id":"citl6lzwj67la","chunk_label":"unnamed-chunk-3"},{"row":156,"row_count":1,"visible":true,"expansion_state":0,"options":{"engine":"r","label":"unnamed-chunk-4"},"document_id":"0203BCFD","chunk_id":"cskluwqmk0wqc","chunk_label":"unnamed-chunk-4"},{"row":176,"row_count":1,"visible":true,"expansion_state":0,"options":{"engine":"r","label":"unnamed-chunk-5"},"document_id":"0203BCFD","chunk_id":"cl4bedge0wkh7","chunk_label":"unnamed-chunk-5"},{"row":196,"row_count":1,"visible":true,"expansion_state":0,"options":{"engine":"r","label":"unnamed-chunk-6"},"document_id":"0203BCFD","chunk_id":"cg4qpawrbshvs","chunk_label":"unnamed-chunk-6"},{"row":216,"row_count":1,"visible":true,"expansion_state":0,"options":{"engine":"r","label":"unnamed-chunk-7"},"document_id":"0203BCFD","chunk_id":"cotvjm7ckpe3u","chunk_label":"unnamed-chunk-7"},{"row":236,"row_count":1,"visible":true,"expansion_state":0,"options":{"engine":"r","label":"unnamed-chunk-8"},"document_id":"0203BCFD","chunk_id":"ctfb0bbc44a54","chunk_label":"unnamed-chunk-8"},{"row":273,"row_count":1,"visible":true,"expansion_state":0,"options":{"engine":"r","label":"proporcion"},"document_id":"0203BCFD","chunk_id":"cl3n39phfwl3i","chunk_label":"proporcion"}],"doc_write_time":1639961271}