{"chunk_definitions":[{"row":7,"row_count":1,"visible":true,"expansion_state":0,"options":{"engine":"r","label":"setup","include":false},"document_id":"E2BAAB1A","chunk_id":"csetup_chunk","chunk_label":"setup"},{"row":14,"row_count":1,"visible":true,"expansion_state":0,"options":{"engine":"r","label":"unnamed-chunk-22"},"document_id":"E2BAAB1A","chunk_id":"cgyr3hin29uak","chunk_label":"unnamed-chunk-1"}],"doc_write_time":1639604624,"working_dir":null,"default_chunk_options":{"include":true,"echo":true}}